Timestamp,X Coord 7,X Coord 6,X Coord 5,X Coord 4,X Coord 3,X Coord 2,X Coord 1,X Coord 0,Y Coord 7,Y Coord 6,Y Coord 5,Y Coord 4,Y Coord 3,Y Coord 2,Y Coord 1,Y Coord 0
7231649,2.2059937,2.2272034,2.2160492,2.2082214,2.2396545,2.2353668,2.217682,2.2361298,281.12436,271.85422,292.43948,288.28058,271.72293,272.47354,295.77478,276.54135
7231856,2.205902,2.2272186,2.2160797,2.208191,2.2396088,2.2353668,2.217682,2.2361755,281.07748,271.86108,292.36026,288.232,271.75537,272.56204,295.72226,276.52457
7232270,2.205902,2.2272186,2.216095,2.2080994,2.2395935,2.2353058,2.2176666,2.2360077,281.10715,271.73242,292.5217,288.22256,271.9153,272.45398,295.81436,276.75836
7232478,2.2059479,2.227188,2.2160797,2.208023,2.2395172,2.235321,2.217636,2.2361145,280.8984,271.86957,292.2821,288.21286,271.82687,272.22107,296.03427,276.76352
7232685,2.2059937,2.2272034,2.216156,2.2079315,2.2394714,2.2352905,2.2176208,2.2360992,281.09348,271.66608,292.51315,288.0598,271.5785,272.47696,295.78085,276.83612
7232892,2.2059937,2.2272644,2.2161255,2.2080078,2.2394714,2.235321,2.2176514,2.2361755,281.01212,271.9129,292.38773,288.15295,271.90768,272.6151,295.86176,276.58292
7233099,2.2059479,2.2271576,2.2162018,2.2079773,2.2395782,2.23526,2.2177124,2.2362823,281.03467,271.87726,292.296,288.3352,271.88583,272.58096,295.95947,276.9489
7233306,2.205902,2.2271423,2.216278,2.2079163,2.239502,2.2352142,2.2177124,2.2362518,280.99463,271.85938,292.50766,288.4165,271.68842,272.67398,295.89746,276.3236
7233513,2.2059479,2.2270355,2.2162933,2.20784,2.239624,2.2352142,2.217682,2.2362366,280.91754,271.5287,291.87857,288.1772,271.81433,272.4524,295.68472,276.89792
7233927,2.2059631,2.2270813,2.216217,2.2077942,2.2396393,2.2352142,2.217636,2.2362366,281.09262,271.82584,292.34796,288.09775,271.83295,272.62637,295.67496,276.82172
7234135,2.2059631,2.2270203,2.216278,2.2077942,2.2396545,2.2352448,2.2176208,2.2362213,281.12683,271.80325,292.42682,287.93597,271.82584,272.35657,295.91827,277.1402
7234342,2.2059631,2.2269897,2.216278,2.2077332,2.2395477,2.2352142,2.217575,2.236206,280.87698,271.7972,292.61343,288.3822,271.72595,272.75433,295.9251,277.03714
7234549,2.2061005,2.2269897,2.216278,2.2077332,2.239563,2.2352142,2.217682,2.2360077,281.01495,271.89325,292.3854,288.35974,271.9676,272.41144,295.90442,277.04117
7234757,2.206009,2.2269897,2.216217,2.2077637,2.2394104,2.2351685,2.2176514,2.2359467,281.09583,271.8131,292.4229,288.4214,271.8738,272.6411,295.68106,276.83435
7234964,2.206009,2.2270355,2.2161865,2.2077484,2.2394562,2.2351685,2.2176514,2.2357788,280.95035,271.5313,292.34827,288.17868,271.8607,272.3294,295.84207,276.53326
7235171,2.206009,2.227066,2.2161407,2.20784,2.2394867,2.2351685,2.217636,2.2357483,281.0875,271.78543,292.20053,288.26944,271.91376,272.51297,295.69232,277.11502
7235585,2.206009,2.2271118,2.216095,2.2078552,2.2395325,2.2351837,2.2175903,2.235962,281.1949,271.8053,292.1436,288.15308,271.80344,272.73892,295.733,276.50174
7235792,2.2060242,2.2271118,2.216095,2.2078552,2.239563,2.2352142,2.2175598,2.2360382,280.99365,271.79333,292.27173,288.20004,271.80258,272.55914,295.6295,276.75186
7236000,2.2059479,2.2270203,2.2161407,2.20784,2.2395782,2.2352142,2.2174988,2.2360687,280.79565,271.89517,292.32843,288.1901,271.88376,272.48767,295.68317,276.56427
7236207,2.205902,2.2270508,2.216095,2.20784,2.2396088,2.2351685,2.2174988,2.2360687,281.03268,271.82166,292.30264,288.2448,271.7066,272.3379,295.73312,276.85928
7236414,2.2058868,2.2270508,2.216095,2.2077637,2.2395935,2.235199,2.2175598,2.2360687,281.12088,271.67114,292.3418,288.16312,271.7871,272.3358,295.72333,276.66376
7236621,2.2058868,2.2270203,2.2160797,2.2078247,2.2396393,2.235138,2.2175598,2.2361145,281.08078,271.6088,292.39798,288.0635,271.72137,272.40842,295.67862,276.73386
7236828,2.2059631,2.2270813,2.216095,2.2078705,2.2395935,2.2350922,2.2175598,2.236023,280.8962,271.59866,292.29593,288.19995,271.91318,272.42792,295.65482,276.8164
7237243,2.2059631,2.2270813,2.2161255,2.20784,2.2395325,2.235077,2.2175903,2.236084,281.04413,271.70514,292.32083,288.001,271.8,272.57892,295.72543,276.55997
7237450,2.2059174,2.2269592,2.2162018,2.20784,2.2395477,2.235077,2.2175293,2.2360382,281.0436,271.85562,292.479,288.24066,271.66144,272.36887,295.8697,276.75827
7237657,2.2058258,2.226883,2.2161407,2.207901,2.2394714,2.2350006,2.217514,2.2360382,281.16245,271.90714,292.38367,288.15063,271.87643,272.53235,295.84583,276.8251
7237864,2.2058563,2.2268677,2.2161713,2.2079468,2.2394104,2.2350006,2.217514,2.236023,281.10254,271.84967,292.3289,288.2057,271.96216,272.59796,295.76947,277.00922
7238071,2.2058716,2.2267914,2.2162018,2.207962,2.239441,2.2350311,2.2175293,2.2361755,280.9216,271.70218,292.28775,288.12302,271.72217,272.35205,295.9873,277.00906
7238279,2.2058868,2.226822,2.216217,2.207962,2.2394867,2.2350922,2.2174683,2.2361755,280.92868,271.69196,292.3123,288.15857,271.5545,272.4776,295.9065,276.8544
7238693,2.20578,2.226822,2.2161407,2.207962,2.2395477,2.235138,2.2173767,2.2357635,280.70737,271.54153,292.38806,288.2109,271.87866,272.45236,295.60794,276.68402
7238900,2.20578,2.2268372,2.2161102,2.207962,2.2395782,2.235138,2.2173767,2.2355957,280.87558,271.84387,292.48224,288.33548,271.67505,272.61978,295.74777,276.82135
7239107,2.2057648,2.2268066,2.216095,2.207962,2.2394867,2.2351227,2.2173615,2.2356567,280.84875,271.80865,292.3133,288.20612,271.90836,272.5099,295.65936,277.4632
7239314,2.2057953,2.226822,2.216095,2.207962,2.2395782,2.2350922,2.2174225,2.2355347,280.9749,271.83893,292.55835,288.26038,271.74042,272.6285,295.83365,276.74597
7239522,2.20578,2.2268524,2.2160645,2.2079163,2.2395172,2.235138,2.217453,2.2355957,281.1375,271.8448,292.51706,288.23712,271.83954,272.7001,295.76788,276.5981
7239729,2.20578,2.226883,2.2160645,2.207962,2.2394714,2.2350922,2.2174683,2.235672,281.05972,272.01968,292.55865,288.13324,271.89127,272.37518,295.87833,276.95395
7239936,2.2057495,2.2269745,2.2160645,2.207901,2.2395325,2.2350922,2.2174683,2.2358398,281.01447,271.8879,292.47113,288.26944,271.90945,272.57272,295.95694,276.99884
7240350,2.2057953,2.2269135,2.2161255,2.2078857,2.2395935,2.2350159,2.2174988,2.235962,281.0775,271.85638,292.44077,288.13492,271.84784,272.5618,295.7428,276.866
7240557,2.20578,2.2269135,2.2161713,2.2078552,2.2396393,2.2350464,2.217514,2.2357635,280.94574,271.75357,292.21674,288.04657,271.6047,272.46466,295.75928,276.73376
7240765,2.2057953,2.226883,2.216156,2.20784,2.2395782,2.2350464,2.2174683,2.2357788,280.947,271.79456,292.32193,288.2954,271.77493,272.46417,295.88058,276.4836
7240972,2.2057648,2.226883,2.2160797,2.2078094,2.239502,2.2350616,2.2174683,2.2357788,281.0026,271.69604,292.44678,288.1953,271.6545,272.65182,295.75073,276.92377
7241179,2.2057495,2.2268524,2.216095,2.207718,2.2394714,2.2350311,2.2173767,2.2358704,280.80667,271.72522,292.32422,288.35593,271.93158,272.54932,295.7312,276.7414
7241386,2.2057953,2.2269135,2.2160645,2.2077637,2.2394714,2.2350616,2.2173767,2.2357178,280.94464,271.981,292.46793,288.2296,271.95544,272.3746,295.70453,277.01584
7241593,2.2057343,2.2269135,2.216034,2.207779,2.2395782,2.2350616,2.2174225,2.235855,280.8755,271.95117,292.27817,288.14035,271.69998,272.41714,295.7201,276.71658
7241800,2.2057648,2.2268982,2.216034,2.2077637,2.2395477,2.2350616,2.2175293,2.235733,281.0844,271.81464,292.33417,288.1534,271.72168,272.4118,295.88098,276.8952
7242215,2.20578,2.2269745,2.2160034,2.20784,2.2395477,2.2350464,2.2175903,2.2356415,281.01398,271.7859,292.49332,288.20227,271.67407,272.4726,295.82452,276.31372
7242422,2.2058563,2.2269135,2.216034,2.2078094,2.2395935,2.2350159,2.2175903,2.2358246,280.92798,271.88565,292.34537,288.12943,271.834,272.41156,295.92862,276.86624
7242629,2.2059326,2.2269287,2.2160645,2.207901,2.239563,2.2349854,2.2176208,2.2359467,280.96384,271.7207,292.36258,288.03674,271.69235,272.44394,295.79404,276.58838
7242836,2.205841,2.2269287,2.2160645,2.2078247,2.2395477,2.2350311,2.2175598,2.2362518,281.07724,271.91284,292.5385,288.2031,271.81863,272.37744,295.60327,276.2707
7243044,2.205841,2.227005,2.2160797,2.2078247,2.239502,2.2350311,2.217514,2.2360992,281.05234,271.88016,292.49,288.2552,271.84653,272.25693,295.75897,276.79483
7243251,2.205841,2.227005,2.2161255,2.2078705,2.239441,2.2350464,2.217514,2.2360535,280.91556,271.6652,292.5981,288.22717,271.7623,272.34842,295.86575,276.60727
7243458,2.2058868,2.2268982,2.2160797,2.2078094,2.2395172,2.2351074,2.2175293,2.235855,281.0366,271.81284,292.39645,288.09653,271.61707,272.53397,295.95673,276.87704
7243871,2.2058716,2.2270203,2.2160492,2.2078094,2.239563,2.2351074,2.2175598,2.2358704,281.17465,271.97668,292.43396,288.16632,271.88446,272.51126,295.7726,276.89957
7244079,2.2059479,2.2269745,2.216034,2.2078094,2.239563,2.2351074,2.2175293,2.2356415,280.9986,271.6713,292.3461,288.25903,272.04825,272.75247,295.9651,276.95593
7244287,2.2059784,2.2269287,2.215973,2.2077637,2.2395325,2.2350311,2.2174835,2.2357788,280.8923,271.72678,292.49768,288.45743,271.76138,272.4973,295.65802,276.93182
7244494,2.205902,2.226883,2.2158966,2.207779,2.2395325,2.23497,2.2174683,2.235672,281.05896,271.74133,292.1466,288.0653,271.84955,272.46057,295.97495,276.77026
7244701,2.2059174,2.2268677,2.215866,2.2077484,2.2395477,2.2349548,2.2174683,2.2356262,280.99036,271.7357,292.38757,288.24152,271.82074,272.54773,295.6207,276.9154
7244908,2.2058716,2.2269287,2.2158508,2.2077484,2.2395172,2.2350922,2.2174072,2.2356262,281.01147,271.83606,292.4935,287.90042,271.7484,272.3826,295.72794,277.12598
7245322,2.2059631,2.227066,2.2158203,2.2077332,2.2393951,2.2351532,2.2173004,2.2358704,281.09543,271.89185,292.23853,288.11807,272.03284,272.5967,295.95236,276.61804
7245530,2.205902,2.2269897,2.215805,2.2077332,2.2393951,2.2351532,2.2172852,2.235672,280.8516,271.83386,292.50485,288.3942,271.87848,272.49487,295.7266,276.78143
7245737,2.2058868,2.227005,2.215805,2.2076416,2.2394257,2.235138,2.2173462,2.2355347,280.9401,271.58282,292.67493,288.10684,271.66553,272.42828,295.84262,276.56073
7245944,2.205841,2.2269135,2.215744,2.2076569,2.23938,2.235077,2.2173767,2.2358398,281.16327,271.8142,292.39273,288.23965,271.77594,272.56577,295.91272,276.84796
7246151,2.2058563,2.2269287,2.2157898,2.2076416,2.2393494,2.2350616,2.2174072,2.235962,280.98328,271.80075,292.4703,288.0849,271.95593,272.47894,295.6235,276.66608
7246358,2.2058105,2.2269592,2.215805,2.2075653,2.2394104,2.2350922,2.2174225,2.2358246,280.94778,271.69794,292.5747,288.21182,271.80667,272.4949,295.93604,277.1782
7246565,2.2057953,2.226883,2.2158966,2.2075806,2.2394104,2.2351074,2.217392,2.2357788,280.9175,271.80563,292.48666,288.17093,271.58148,272.60513,295.56787,276.57278
7246978,2.2058258,2.226883,2.215866,2.2075958,2.23938,2.235077,2.2174377,2.2355957,280.97382,271.89987,292.41394,288.31653,271.92975,272.45187,295.90646,276.57617
7247187,2.2057648,2.226883,2.2158966,2.2075806,2.2393494,2.2351074,2.2176208,2.235611,280.8688,271.787,292.48956,288.05594,271.97546,272.63806,295.8134,277.12488
7247394,2.2057953,2.226883,2.215866,2.2075806,2.2393646,2.2350311,2.217575,2.2356873,280.8775,271.99106,292.56104,288.0474,271.83978,272.60117,295.70044,276.68158
7247601,2.2058105,2.2268524,2.2158508,2.207672,2.2394257,2.2350311,2.217636,2.2358093,281.06952,271.767,292.47736,288.2021,271.81625,272.33878,295.84998,277.1477
7247808,2.20578,2.2269135,2.2158356,2.207672,2.2394562,2.2350311,2.2175598,2.2356873,280.96307,271.8657,292.27402,288.2044,271.81387,272.40698,295.90872,277.1626
7248016,2.2057648,2.2268982,2.215805,2.2076569,2.2394562,2.2350006,2.2175293,2.2356415,281.01712,271.92712,292.611,288.15598,271.80005,272.38687,295.78845,276.38455
7248223,2.2057495,2.226883,2.2157745,2.2076416,2.2394257,2.2350464,2.217514,2.2357178,280.83527,271.89676,292.32495,288.26883,271.88937,272.45584,295.86758,276.78333
7248636,2.2056885,2.2268982,2.2157898,2.2076874,2.2394867,2.2349396,2.2175293,2.2355957,281.03018,271.82993,292.2146,288.2481,271.69095,272.49838,295.75516,276.68384
7248844,2.2056885,2.2268524,2.2157745,2.207672,2.2395325,2.2349396,2.2174835,2.2357025,281.0702,272.01273,292.28204,288.25818,271.59512,272.738,295.96033,276.97406
7249052,2.2056122,2.2268066,2.2157593,2.207672,2.2395172,2.23497,2.2175293,2.2357025,281.06314,271.97513,292.43533,288.27957,271.73196,272.53894,296.00735,276.7812
7249259,2.2056122,2.2267761,2.215866,2.207672,2.239563,2.23497,2.2174835,2.2356567,281.03513,272.0954,292.37592,288.1206,271.99472,272.4158,295.89368,276.81186
7249466,2.2056122,2.2267914,2.2159119,2.207672,2.239563,2.2349243,2.2175293,2.23555,281.03574,271.97015,292.51288,287.92856,271.80884,272.34497,295.89615,277.17688
7249673,2.205536,2.2267914,2.215866,2.207672,2.2394257,2.2349243,2.2174988,2.2355042,281.09714,271.9078,292.6874,288.10333,272.1264,272.48114,295.75388,276.87582
7250087,2.2055817,2.2267303,2.2157745,2.207611,2.23938,2.2349243,2.2174072,2.2355652,281.0199,271.8672,292.513,288.06567,271.7842,272.42484,295.6591,276.71136
7250294,2.2055817,2.2267303,2.2157593,2.2076263,2.2393188,2.2349548,2.2173462,2.2355652,280.78613,271.73392,292.62802,288.08008,271.75403,272.61157,295.80054,276.69852
7250502,2.2055664,2.226715,2.2157745,2.2076263,2.239334,2.2348938,2.2174225,2.235611,281.12592,271.81146,292.41412,288.2362,271.91104,272.53534,295.7327,276.9857
7250709,2.2054749,2.2266998,2.2157898,2.2075806,2.2394104,2.2348633,2.2174072,2.2357025,281.00098,271.79187,292.3563,288.23627,271.85464,272.5295,295.89447,276.51547
7250916,2.205597,2.2266693,2.2157745,2.207489,2.2394257,2.2349243,2.2173615,2.235611,281.11182,271.90793,292.50818,288.28012,271.76797,272.41467,295.6645,276.97858
7251123,2.205597,2.226715,2.2157593,2.2075043,2.23938,2.2349548,2.2173767,2.2357025,280.89813,271.90363,292.36743,288.15668,271.85303,272.44458,295.87994,276.44406
7251330,2.2055664,2.2267303,2.2157593,2.2074585,2.2394562,2.2350159,2.2173004,2.2355804,280.95508,271.964,292.31613,288.29086,271.85822,272.49976,295.79865,276.90524
7251744,2.2055817,2.2267609,2.2157288,2.2075348,2.23938,2.2350922,2.2173004,2.2358704,280.9533,271.7829,292.45825,288.24078,272.04956,272.4369,296.04736,276.94037
7251952,2.2055817,2.2267303,2.2157288,2.20755,2.2393036,2.235077,2.2173157,2.2357635,281.04095,271.6674,292.37488,288.01263,271.78354,272.58804,295.73944,277.29358
7252159,2.2056122,2.2267456,2.2157135,2.2075043,2.2393188,2.2350159,2.2173004,2.2356873,281.2036,271.83942,292.25726,288.32886,271.78214,272.6991,295.92856,277.00168
7252366,2.2056122,2.2267303,2.2157745,2.2075043,2.2393494,2.2349854,2.2173157,2.2357635,281.13397,271.9712,292.4071,288.1738,271.84332,272.4151,295.86148,276.83
7252573,2.2056427,2.2267456,2.2157593,2.2075958,2.2394104,2.2348938,2.2173157,2.2358246,281.00272,271.77512,292.43362,288.35086,271.8019,272.47446,295.87686,276.51434
7252780,2.2055664,2.2267456,2.2156982,2.2075806,2.2393494,2.2348633,2.2173004,2.2356262,281.17673,271.96957,292.50003,288.21268,271.60626,272.35754,295.95883,277.0609
7252988,2.20549,2.2266693,2.2156677,2.2075348,2.2394257,2.2349243,2.2173615,2.235794,280.9419,271.79663,292.55386,288.18677,272.02374,272.45557,295.85843,277.0453
7253402,2.205429,2.2267303,2.2157135,2.2075195,2.2394104,2.2349243,2.2173615,2.2358704,281.10284,272.0492,292.53482,288.26968,271.81784,272.50565,295.7948,277.2166
7253609,2.205429,2.2266998,2.2156677,2.207489,2.2394104,2.2348785,2.2173615,2.2357025,281.0244,272.01596,292.47635,288.25922,271.83572,272.63058,295.90115,276.44064
7253816,2.205429,2.2266083,2.2157288,2.2074585,2.2393188,2.2348175,2.217331,2.2355347,280.93066,271.9176,292.29282,288.35233,271.7457,272.4484,295.81128,276.5752
7254023,2.2053833,2.2266388,2.2156982,2.207489,2.2393036,2.2348328,2.2173767,2.2355652,281.08936,271.77472,292.34097,288.34943,271.73856,272.48032,295.8311,276.61932
7254230,2.2053833,2.2266998,2.2157288,2.2075195,2.2393036,2.2348175,2.2173462,2.2355957,281.04547,271.83414,292.41547,288.15857,271.8305,272.32352,295.89758,276.49872
7254438,2.2054138,2.2266693,2.215744,2.2075043,2.2392883,2.2348175,2.2173615,2.2356415,280.9085,271.90506,292.2326,288.20923,271.8808,272.36115,296.0353,277.03165
7254852,2.2054443,2.2266693,2.2157135,2.2074585,2.2391357,2.234848,2.2172394,2.2357483,281.15384,271.8455,292.5028,288.24384,272.0137,272.56815,296.00806,276.44003
7255058,2.2054749,2.2266846,2.2157593,2.207428,2.239151,2.2349243,2.2172394,2.235611,281.1657,271.90988,292.4883,288.25293,271.81824,272.4761,296.14996,276.89642
7255266,2.2054749,2.2266998,2.2157898,2.2074432,2.239212,2.2349243,2.2173004,2.235672,281.15485,271.83093,292.2987,288.1655,271.69934,272.4471,295.74713,276.78134
7255473,2.2054443,2.2266693,2.2158508,2.2074432,2.2392273,2.234909,2.2173615,2.2358246,280.88638,271.77408,292.34482,288.1295,271.81207,272.55685,295.68796,276.85416
7255681,2.205368,2.2266693,2.2158508,2.2073975,2.2392273,2.234909,2.2173615,2.2359009,281.0202,271.7567,292.0837,288.1616,271.74734,272.67847,295.88016,276.8797
7255888,2.2054138,2.2266388,2.2158203,2.2074127,2.239212,2.23497,2.2173157,2.2359467,280.91327,271.9354,292.48096,288.01526,271.93823,272.44266,295.76456,277.1179
7256095,2.2054138,2.2266388,2.2158203,2.207367,2.2392273,2.2349396,2.2172852,2.235962,281.15854,271.88794,292.3056,288.2808,271.79672,272.48532,295.66605,276.9644
7256509,2.2054443,2.226654,2.215805,2.2073975,2.2392883,2.2349396,2.21727,2.2358398,281.17462,271.88837,292.4814,288.19745,272.03848,272.52704,295.82217,276.4641
7256716,2.2054443,2.2266235,2.2157898,2.2074127,2.2393494,2.2349243,2.217331,2.235672,281.0673,271.86328,292.37976,288.21805,271.96967,272.5598,295.9043,276.42453
7256924,2.2055054,2.2266235,2.2157135,2.207428,2.23938,2.2348938,2.21727,2.2357178,281.05054,271.62222,292.4623,288.14233,271.9103,272.55923,295.74475,276.55814
7257131,2.2055206,2.2266235,2.2157288,2.2074585,2.2393951,2.2348633,2.2172852,2.235672,281.03555,271.84137,292.438,288.37015,271.88766,272.4375,295.73816,276.6631
7257338,2.2056122,2.2266388,2.2156982,2.2074585,2.23938,2.2348175,2.2172852,2.2354736,280.9958,271.7941,292.39554,288.1552,271.8011,272.49985,295.77625,276.74307
7257545,2.2056122,2.2266846,2.2156982,2.207428,2.2393951,2.2347412,2.2172852,2.2358093,280.84793,271.8505,292.34097,288.23358,271.91837,272.34393,295.88394,276.46042
7257752,2.2056732,2.2266693,2.2157288,2.207428,2.23938,2.2346954,2.2173004,2.2356873,280.94196,271.77087,292.16754,288.0134,271.93762,272.60364,295.9325,276.5227
7258166,2.2056122,2.2266083,2.2157135,2.207428,2.239334,2.2346954,2.2173004,2.2355194,280.91455,271.73065,292.41162,288.3331,271.88635,272.48203,295.9028,277.0958
7258374,2.2056274,2.2266083,2.2156677,2.2074127,2.2392578,2.2347717,2.2172852,2.23555,280.82617,271.73987,292.2111,288.31985,271.90857,272.5655,295.80835,277.02267
7258581,2.205536,2.2266235,2.2156677,2.2074432,2.2392578,2.2347717,2.2172852,2.2353363,281.0389,271.94498,292.42627,288.20886,271.82117,272.55362,295.9106,276.62088
7258788,2.2054443,2.2266388,2.215622,2.2073975,2.2392883,2.2348175,2.21727,2.2352753,281.02795,271.75305,292.31934,288.17126,271.7562,272.39844,295.61627,276.61588
7258995,2.2053986,2.2266388,2.2155914,2.2074432,2.2392883,2.2348785,2.2173004,2.2352295,281.1987,271.845,292.47284,288.16785,271.8907,272.58478,295.79688,276.51755
7259202,2.2053833,2.226593,2.215622,2.2074432,2.239212,2.234848,2.2173004,2.2353516,281.15753,271.99692,292.35016,288.19077,271.76712,272.67926,295.6604,276.5341
7259617,2.2054138,2.226593,2.215622,2.2074738,2.2391663,2.2348175,2.2172852,2.2355042,280.90482,271.86618,292.40234,288.13013,271.8048,272.3994,295.69153,276.9631
7259823,2.20549,2.2265625,2.215622,2.2074585,2.239212,2.2348022,2.21727,2.2356262,281.0702,271.85452,292.39905,288.43332,271.67697,272.5157,295.90402,276.3867
7260031,2.2054443,2.2264557,2.215683,2.2074432,2.2391357,2.234848,2.21727,2.2356262,280.90063,271.92535,292.4578,288.22562,271.9294,272.39398,295.81573,276.91113
7260238,2.2053528,2.22641,2.215683,2.2073212,2.239151,2.234787,2.2171783,2.23555,281.04398,271.8029,292.3787,288.3644,271.74188,272.5371,295.6082,276.81955
7260445,2.205368,2.22641,2.215622,2.2073517,2.2391205,2.2348328,2.2171326,2.2355042,281.11786,271.69305,292.1764,288.1151,271.8313,272.407,296.07388,276.72617
7260653,2.2053833,2.2263794,2.215622,2.207428,2.2391052,2.2348022,2.2172089,2.235321,281.12714,271.8569,292.57764,287.97205,271.79736,272.43408,295.6013,276.91187
7260860,2.20549,2.2263184,2.2155914,2.2074585,2.2391052,2.2347565,2.2171783,2.235382,281.01572,271.9417,292.45294,288.16382,271.86868,272.39636,295.65665,276.62372
7261274,2.2054749,2.2263489,2.2156067,2.2074432,2.2390747,2.2346802,2.2170715,2.2355957,280.98615,271.65897,292.59607,288.32346,271.78268,272.46976,296.05182,276.62402
7261481,2.2054443,2.2263641,2.2156067,2.2074127,2.2390594,2.2346191,2.2171478,2.235611,280.97058,271.75497,292.44482,288.44757,271.6738,272.4544,295.7882,276.80585
7261688,2.2054138,2.2263489,2.2155762,2.2074127,2.2389984,2.234604,2.2171478,2.2355652,281.0087,271.82315,292.3878,288.4483,271.9281,272.43484,295.8321,276.79626
7261896,2.2054138,2.2263489,2.2155304,2.2074127,2.239029,2.2345886,2.2171173,2.2353973,280.8759,271.74063,292.47272,288.23294,271.851,272.60358,295.98172,276.83694
7262103,2.2054749,2.2262268,2.2155304,2.2074127,2.239029,2.2346497,2.2171478,2.235672,281.08502,271.97452,292.40268,288.24304,271.8203,272.54767,295.978,276.69287
7262310,2.2054596,2.2263489,2.2155762,2.2074127,2.2390442,2.2346497,2.2171478,2.2358246,281.04004,271.88116,292.3675,288.10724,271.8402,272.78864,295.7882,276.3404
7262517,2.2054596,2.2263489,2.2156067,2.2073517,2.2390137,2.234604,2.217102,2.2357178,281.0901,271.99265,292.48193,288.08673,271.81372,272.42343,295.73746,276.62115
7262929,2.205429,2.2263641,2.2155762,2.2073517,2.23909,2.2345734,2.217041,2.2355347,280.84302,271.96948,292.27148,288.1189,271.83923,272.69376,295.84824,276.87582
7263139,2.205368,2.2263184,2.2155762,2.2073517,2.2389526,2.234558,2.217102,2.2353058,280.98294,271.77682,292.51395,288.1949,271.77747,272.57874,295.7555,276.5373
7263346,2.2053986,2.2263184,2.2155151,2.2073822,2.2389984,2.2346191,2.2170563,2.2352753,280.82764,271.793,292.1754,288.14133,271.71204,272.33847,295.8792,276.78186
7263553,2.205307,2.2263489,2.2154846,2.2073517,2.2391052,2.2345886,2.2170563,2.2350464,280.87506,271.8988,292.32904,288.0772,271.68005,272.50006,295.69128,276.71637
7263760,2.2052765,2.2264404,2.2155304,2.2073517,2.2391357,2.2345886,2.2171478,2.2350922,280.99762,271.79282,292.34854,288.31662,271.69534,272.57657,295.6662,276.71878
7263967,2.205246,2.2264404,2.2155762,2.2073517,2.2390747,2.2345886,2.2171478,2.2351685,281.02734,271.8383,292.34314,288.33514,271.77002,272.4175,295.85913,276.77832
7264382,2.205307,2.2263794,2.215683,2.2073517,2.2390747,2.2345734,2.2171173,2.234909,281.13608,271.5923,292.29703,288.15982,271.61465,272.4486,295.79184,276.798
7264587,2.2053833,2.22641,2.215622,2.2073364,2.23909,2.2346191,2.2170868,2.234909,281.0137,271.9813,292.45343,288.34012,271.8504,272.51587,295.75217,277.1127
7264796,2.205368,2.2264404,2.215561,2.2073517,2.2390747,2.2346191,2.2170868,2.2351685,280.8958,271.74713,292.35013,288.44827,272.0383,272.3874,295.87302,276.7127
7265003,2.205368,2.2264557,2.215561,2.2073364,2.239029,2.2346344,2.2171173,2.2352753,281.00882,271.90604,292.49118,288.2148,271.60934,272.6153,295.81357,277.18585
7265210,2.2053833,2.226471,2.2155457,2.2073364,2.2390594,2.234665,2.2171478,2.2353363,281.09326,271.66174,292.31305,288.249,271.7597,272.64688,295.79773,276.61548
7265417,2.2052917,2.2264404,2.2155304,2.207306,2.23909,2.234665,2.2171173,2.2354126,281.09753,271.78485,292.25443,288.19498,271.63538,272.37845,295.7482,276.9136
7265625,2.2052917,2.2263489,2.2155304,2.207306,2.23909,2.2346497,2.2171173,2.2354584,281.05737,271.95663,292.403,288.1767,271.79297,272.4329,295.72336,276.7858
7266039,2.2053223,2.2264404,2.215622,2.2073822,2.2390747,2.2346497,2.2171173,2.2355194,280.86557,271.80225,292.46915,288.10245,271.90918,272.41614,295.75906,276.6655
7266246,2.2053223,2.2263947,2.215561,2.2074127,2.2390747,2.2346497,2.2171173,2.2353973,281.1665,271.74054,292.35638,288.1315,271.90247,272.47998,295.59805,276.35608
7266453,2.2053375,2.2264404,2.2155762,2.2073975,2.239029,2.234665,2.2170563,2.2354126,280.96237,271.9854,292.3922,288.21405,271.87784,272.5975,295.8417,277.1569
7266660,2.2054138,2.2264404,2.215561,2.2074127,2.2391357,2.234665,2.2171478,2.2354584,281.09653,271.92673,292.38538,288.33884,271.8249,272.51987,295.78693,276.9645
7266868,2.205429,2.2265015,2.2155762,2.2072906,2.2391357,2.234665,2.2171478,2.2353668,281.15332,271.68777,292.59805,288.3838,271.85443,272.61517,295.85382,276.57834
7267075,2.2054443,2.2265015,2.215561,2.2073975,2.2391357,2.2346954,2.2171936,2.235382,281.12173,272.03156,292.46063,288.2119,271.8302,272.59244,295.75253,276.91504
7267282,2.2053833,2.2265472,2.2155457,2.2074432,2.2391357,2.234726,2.2171783,2.2353973,281.2738,271.97464,292.4326,288.12534,271.94818,272.6303,295.84357,276.57593
7267696,2.2053833,2.2265778,2.2155151,2.207428,2.2391357,2.234726,2.2171783,2.2353668,281.17142,271.8263,292.72446,288.3314,271.87546,272.53638,295.6151,277.0852
7267903,2.2053375,2.226532,2.2155151,2.2073517,2.2391205,2.2346497,2.2170715,2.2353516,281.08347,271.81653,292.48798,288.45618,271.7695,272.67368,295.79584,276.44482
7268111,2.2053223,2.226532,2.215454,2.207367,2.2391052,2.2346191,2.2169495,2.2351837,281.05472,271.78687,292.46555,288.23816,271.7117,272.51984,295.7538,276.97662
7268318,2.2053528,2.226532,2.2154694,2.207306,2.2391205,2.2345734,2.2169495,2.2352905,280.97745,271.90555,292.53055,288.20828,271.82367,272.47678,295.6182,277.14136
7268525,2.205307,2.226532,2.2155151,2.2073517,2.2390442,2.2345734,2.2169495,2.23526,281.16943,271.90952,292.39746,288.10852,271.85928,272.57104,295.70795,276.77045
7268732,2.2053986,2.2265472,2.215561,2.2073212,2.239029,2.2346191,2.2169037,2.2352142,280.8757,271.82986,292.45456,288.209,271.7824,272.33228,295.70874,276.5233
7269146,2.2053375,2.2265625,2.2155914,2.2074585,2.2389374,2.234665,2.2169647,2.23526,280.9467,271.8999,292.39072,288.30368,271.93735,272.30206,295.721,276.6347
7269353,2.205368,2.2265015,2.215561,2.207489,2.2390137,2.234665,2.2169952,2.2354279,281.06198,271.8545,292.29703,288.0646,271.85263,272.48032,295.6288,276.85934
7269561,2.2053375,2.226593,2.2155457,2.2074585,2.2389984,2.234665,2.2169952,2.2353973,280.9206,271.87564,292.421,288.35062,271.87277,272.50333,295.90997,276.2158
7269768,2.2052917,2.226654,2.2155304,2.2073517,2.239029,2.2346497,2.2169952,2.235199,280.98602,271.6326,292.39178,288.07028,271.7725,272.38797,295.76016,276.7082
7269975,2.2052917,2.2265778,2.2155151,2.2073822,2.2390442,2.234726,2.2169952,2.23526,281.08868,271.6966,292.22327,288.32953,271.88324,272.37784,295.79025,276.57895
7270182,2.2053528,2.2265778,2.2155457,2.2073212,2.2390137,2.2347412,2.2169495,2.23526,280.99368,271.83395,292.57098,288.2215,271.96622,272.61667,295.80563,276.77472
7270389,2.205368,2.2265167,2.2155457,2.2073212,2.2390137,2.2347412,2.2169495,2.235321,281.0182,271.84464,292.50702,288.34558,271.89423,272.4199,295.82895,276.6652
7270804,2.205368,2.2265167,2.2155151,2.2072601,2.2389984,2.2347565,2.2169037,2.235489,281.03854,271.78125,292.49686,288.0279,271.78036,272.57538,295.89078,276.78223
7271011,2.2053375,2.2265167,2.2155457,2.2072601,2.2389832,2.2347565,2.2169495,2.23555,281.082,271.83643,292.3835,288.26215,271.8819,272.30035,295.70312,276.60767
7271218,2.2053375,2.2265015,2.2155151,2.2073212,2.23909,2.2346954,2.2169495,2.2354584,281.07425,271.80832,292.34512,288.03687,271.85782,272.42566,295.93997,276.77335
7271425,2.2053375,2.2264557,2.2155151,2.2072906,2.2391052,2.234665,2.2169647,2.2352448,281.20493,271.77472,292.0292,288.20715,271.83945,272.70975,295.7529,276.84402
7271632,2.2052765,2.2264557,2.2155457,2.2072906,2.2391205,2.234665,2.2169495,2.2353058,280.92188,271.84833,292.42456,288.48633,271.68848,272.43192,295.8092,276.85114
7271839,2.2052765,2.2263641,2.2155457,2.2073212,2.2390747,2.2346191,2.21698,2.2354126,281.0618,271.8846,292.527,288.11218,271.75394,272.43555,295.65186,276.434
7272047,2.2052307,2.22641,2.2155457,2.207367,2.2390137,2.234558,2.21698,2.2353516,281.0377,271.87616,292.3652,288.19464,271.85962,272.40204,295.61435,276.84195
7272461,2.2052765,2.2264404,2.2155762,2.207367,2.2391357,2.2345886,2.2170715,2.2354279,281.007,271.69504,292.5295,288.00314,271.90952,272.41846,295.80173,276.4354
7272668,2.205307,2.2264557,2.2155457,2.207306,2.2391357,2.2345886,2.217102,2.235443,280.95035,271.93542,292.53693,288.17703,272.10104,272.65427,295.50226,276.9287
7272875,2.205307,2.2264252,2.2154388,2.2072754,2.2391663,2.234558,2.2170868,2.2353668,280.9125,271.98532,292.3943,288.35205,271.77777,272.66125,295.8215,276.7544
7273082,2.2053375,2.22641,2.2154236,2.2072296,2.2391663,2.2345886,2.2170715,2.2353668,281.08185,271.8827,292.53177,288.2345,271.83435,272.58316,295.81705,276.54788
7273290,2.205307,2.226471,2.2154236,2.2072601,2.23909,2.2345428,2.2170868,2.2353668,281.01285,271.9157,292.31512,288.22955,272.00943,272.53506,295.85602,276.64035
7273497,2.2053528,2.2264404,2.215454,2.2072601,2.2390442,2.2345886,2.217041,2.2351837,281.09207,271.79868,292.4668,288.30737,271.89178,272.53287,295.78033,277.0123
7273911,2.2054138,2.2264252,2.2154236,2.2071838,2.23909,2.2346497,2.2170868,2.2352295,281.00812,271.8967,292.5877,288.28418,271.95795,272.53763,295.90924,276.92337
7274116,2.2053528,2.2264557,2.2153778,2.2072601,2.2391052,2.2346802,2.2170868,2.2354736,281.15417,271.7986,292.5484,288.42963,271.76474,272.39514,295.81607,276.6756
7274325,2.205368,2.2264404,2.215454,2.2072906,2.2391205,2.234665,2.2170105,2.2354279,281.04654,271.79105,292.54694,288.29865,271.898,272.36984,296.03915,276.95337
7274533,2.205368,2.2263336,2.215454,2.2072754,2.2391205,2.234558,2.2170563,2.2355042,281.19186,271.76807,292.47388,288.45117,271.80533,272.51367,295.86615,277.07996
7274740,2.2053833,2.2263336,2.215454,2.2072144,2.239029,2.2346191,2.2169342,2.2357635,281.1057,271.92126,292.4352,288.0717,271.65488,272.48157,295.95633,277.06558
7274947,2.2053833,2.226303,2.2154846,2.2071686,2.2389984,2.2346954,2.2169952,2.2357635,281.11594,271.8627,292.49332,288.29504,271.71484,272.41104,295.76904,276.78403
7275154,2.205368,2.2263336,2.2154846,2.2071686,2.238968,2.234726,2.2169952,2.2357025,281.16428,271.9258,292.465,288.09552,271.964,272.412,295.74786,276.98392
7275568,2.2053986,2.2263336,2.215454,2.2072906,2.238968,2.234665,2.2170105,2.2356567,281.07812,272.07343,292.56863,288.35544,271.60703,272.48248,296.09207,276.73572
7275775,2.2053986,2.2263336,2.215454,2.2073212,2.2389374,2.2346497,2.2170715,2.235321,281.11835,271.98325,292.37943,288.17114,271.8627,272.65085,296.06274,276.81802
7275983,2.2054138,2.2263184,2.2153778,2.2073517,2.2389374,2.234604,2.2169952,2.2350311,281.15344,271.90482,292.32584,288.27304,271.82025,272.48718,296.0049,276.9141
7276190,2.2053528,2.226303,2.2154083,2.2073212,2.238968,2.2346344,2.2169952,2.2352295,281.00446,271.84952,292.28232,288.18478,271.85803,272.3874,295.83,276.69058
7276397,2.2052307,2.2263489,2.2153625,2.2072601,2.238968,2.234665,2.217041,2.2353058,280.96017,271.74585,292.31046,288.2726,271.8826,272.45627,295.95337,276.87128
7276604,2.2052307,2.2263184,2.215393,2.2071838,2.238968,2.2346191,2.2170563,2.2355042,281.1397,271.7432,292.55524,288.17715,271.84546,272.73596,295.81967,276.90076
7276811,2.205246,2.226303,2.2154388,2.2071533,2.2390137,2.234558,2.2170563,2.2353973,281.066,271.88013,292.3794,288.09305,272.0117,272.49026,295.82898,276.9161
7277226,2.2052155,2.2262878,2.215393,2.207199,2.2389832,2.2346191,2.2170105,2.2355652,281.04718,271.89468,292.53018,287.932,271.8031,272.42728,295.81808,277.04254
7277433,2.2051544,2.2262878,2.2153473,2.2071686,2.2390747,2.2346191,2.2169647,2.2355042,281.15,271.7932,292.35492,288.2237,271.78073,272.5318,295.8278,276.69324
7277640,2.2050629,2.2263184,2.2152863,2.207138,2.2390442,2.2346191,2.2169647,2.2356567,281.07727,271.66092,292.3187,288.10007,271.88788,272.5785,295.6867,276.92062
7277847,2.2050323,2.2263336,2.215271,2.2072144,2.238968,2.2345886,2.2169495,2.2356567,281.06784,272.0169,292.38693,288.20465,271.7371,272.3874,295.88025,276.84024
7278054,2.2050323,2.226242,2.215271,2.2071228,2.2389526,2.2345428,2.216919,2.2356567,280.97458,271.87088,292.32425,288.35132,271.80643,272.5708,295.65237,276.73163
7278261,2.2050934,2.226242,2.2153015,2.2071228,2.2389832,2.234497,2.2169342,2.235672,281.02734,271.85046,292.24884,288.48773,272.0268,272.4898,295.82617,276.67712
7278468,2.205124,2.2261963,2.215332,2.2071686,2.2390137,2.2345886,2.216919,2.2355804,280.91095,271.9228,292.53265,288.1786,271.7674,272.28662,295.83163,276.86212
7278882,2.205124,2.2262726,2.2153473,2.207199,2.2389832,2.2346344,2.2169342,2.235611,280.9989,271.8165,292.28583,288.26132,271.94705,272.39523,295.7622,276.8478
7279090,2.2050934,2.2263794,2.2152863,2.2071533,2.2389832,2.234604,2.216858,2.235794,280.9895,271.85495,292.3765,288.18042,271.8015,272.59964,295.73724,276.74115
7279297,2.2050323,2.2264252,2.2152863,2.2071686,2.239029,2.234604,2.2168121,2.2358398,281.2122,271.94684,292.5209,288.17722,271.94446,272.4523,295.75366,276.8765
7279504,2.205124,2.2264252,2.215271,2.207199,2.23909,2.234604,2.2168121,2.2357025,280.98108,271.99274,292.45847,288.2561,271.71973,272.38208,295.75916,276.9392
7279712,2.2052002,2.2263794,2.2152405,2.2071838,2.2390594,2.234604,2.2168732,2.2355347,280.86285,271.7328,292.3379,287.93863,271.8812,272.48477,295.67926,276.4401
7279919,2.2051086,2.2263336,2.2152405,2.2072449,2.2390442,2.2345428,2.216919,2.2354736,280.89456,271.75366,292.38144,288.23114,271.8377,272.52115,295.7888,276.82986
7280333,2.205124,2.2263184,2.215332,2.2072296,2.2390594,2.2345428,2.21698,2.2353363,281.11044,271.86652,292.2814,288.21863,271.81952,272.37558,295.64673,276.79327
7280540,2.205124,2.2262573,2.215332,2.2071838,2.2389984,2.2345123,2.2169495,2.235382,280.92853,271.87292,292.42865,288.41226,271.7524,272.4742,295.77777,276.72314
7280747,2.2051544,2.2262573,2.215332,2.2071838,2.238968,2.2345886,2.2169647,2.2353973,281.0362,271.68637,292.41705,288.14218,271.76202,272.54233,295.7754,276.46545
7280955,2.205185,2.2262115,2.2153625,2.2071533,2.2389832,2.2345428,2.2168884,2.235489,280.9433,271.98633,292.44153,288.2641,272.0371,272.33505,295.60217,276.69766
7281162,2.2052307,2.2262115,2.2153625,2.2071533,2.238968,2.234558,2.2169342,2.235489,281.14346,271.69547,292.4072,288.10727,271.6425,272.48328,296.02805,277.00134
7281369,2.2052307,2.226181,2.2153473,2.2070923,2.238968,2.2344666,2.216919,2.23555,280.96677,271.81583,292.53333,288.23965,271.6822,272.54388,295.81238,276.95816
7281576,2.2051697,2.2261505,2.2153015,2.2070465,2.2390137,2.234497,2.216858,2.2355042,280.93365,271.93823,292.45215,288.48312,271.78534,272.51794,295.7657,276.58173
7281990,2.2051697,2.22612,2.215332,2.2069397,2.2389526,2.234665,2.2168274,2.235443,281.05466,271.7907,292.38373,288.34317,271.89783,272.5996,295.82904,277.0331
7282198,2.2051697,2.226181,2.2153015,2.2069397,2.238968,2.2346344,2.2168274,2.2353973,281.19553,271.90878,292.27158,288.41083,271.78217,272.39874,295.69293,276.52182
7282405,2.2051697,2.226242,2.2153625,2.2070007,2.238968,2.2346344,2.216858,2.2352905,280.95224,272.0101,292.42508,288.35043,271.62894,272.4004,295.8948,276.92947
7282612,2.2051544,2.2262726,2.2154236,2.2070007,2.238968,2.2346344,2.2169037,2.2352905,280.86716,271.8885,292.2448,288.35425,271.70258,272.61337,295.70343,276.96985
7282819,2.2050781,2.2262726,2.2154236,2.2069855,2.238922,2.2346344,2.2169037,2.2352295,280.92816,271.96103,292.3074,288.1728,271.78882,272.4947,295.6862,276.6027
7283026,2.2051086,2.226303,2.2154236,2.2069702,2.2388153,2.2346497,2.216858,2.23526,280.97943,271.89334,292.43173,288.0799,271.8685,272.53748,295.9851,276.79932
7283233,2.2051544,2.2262268,2.215332,2.206955,2.2387848,2.2345886,2.2168274,2.2350922,280.93237,272.0137,292.26624,288.301,271.61578,272.60938,295.89694,277.09692
7283648,2.2050934,2.226242,2.2153473,2.2069855,2.2388458,2.2345428,2.2167969,2.2351074,281.04492,271.68158,292.3701,288.20905,271.72397,272.37946,295.86,276.46014
7283855,2.2050476,2.2262726,2.2153625,2.2071075,2.2388458,2.2345276,2.2168121,2.2352905,280.89172,271.79916,292.40396,288.16565,271.77277,272.5972,295.87296,276.7193
7284062,2.2050781,2.2262878,2.215393,2.2070618,2.2388458,2.2345428,2.2168121,2.23526,281.09814,272.0692,292.44885,288.33072,271.8577,272.49713,295.7643,276.73016
7284269,2.2050781,2.226303,2.215332,2.2071228,2.2388153,2.2345276,2.216919,2.2351227,281.15512,271.9659,292.48712,288.3113,271.9966,272.4421,295.9057,276.91074
7284476,2.205124,2.2263794,2.215332,2.2071838,2.2388153,2.234558,2.216858,2.235199,281.17044,271.9838,292.59415,288.59845,271.82236,272.55942,295.90964,276.82355
7284683,2.2050934,2.2263794,2.2152863,2.207138,2.2388153,2.234558,2.2168121,2.235199,281.00418,271.9741,292.6405,288.09427,271.85934,272.70676,295.96088,276.92932
7285097,2.2052002,2.2264557,2.215332,2.2072144,2.238861,2.2345886,2.2167969,2.23497,281.09998,271.95422,292.48364,288.28946,271.9763,272.58923,295.87448,276.67883
7285305,2.2052002,2.2264557,2.215332,2.2072906,2.2389069,2.2345734,2.2167969,2.2349243,281.09268,271.78702,292.2482,288.10373,271.93085,272.5653,295.7418,276.92435
7285512,2.2052002,2.2264252,2.2153015,2.2072754,2.2389069,2.2345734,2.2168884,2.2350922,280.7949,271.75168,292.41476,288.16132,271.76874,272.4896,295.70175,276.40796
7285719,2.2052002,2.2264252,2.2152863,2.2072449,2.2389069,2.2345734,2.216919,2.2350159,280.80838,271.8206,292.3313,288.33838,271.80075,272.6541,295.8591,276.58383
7285926,2.2052307,2.22641,2.2153015,2.2072601,2.238968,2.234558,2.216919,2.2351532,280.93768,272.0233,292.43256,288.0921,271.85236,272.52664,295.7314,276.5202
7286133,2.2052002,2.2263947,2.215332,2.2072449,2.238968,2.234604,2.216858,2.2351685,281.08936,271.7585,292.39432,288.30045,271.79623,272.64813,295.85718,276.96823
7286340,2.2052307,2.2263794,2.215332,2.2072754,2.2390137,2.2345428,2.216858,2.235382,281.13782,271.96356,292.37558,288.3548,271.86694,272.4521,295.96375,276.56052
7286755,2.2052002,2.2263794,2.2153778,2.2071533,2.2391357,2.2345428,2.216858,2.2355194,281.11633,271.90668,292.5583,288.38855,271.9866,272.7086,295.94583,276.978
7286962,2.2052155,2.2263184,2.2154236,2.2071686,2.23909,2.2345276,2.216858,2.2353668,281.10126,271.834,292.54846,288.34198,271.93478,272.50623,295.95255,276.73563
7287169,2.2051697,2.2262726,2.2154236,2.2072296,2.2390442,2.2345428,2.2167969,2.235321,280.82794,271.96906,292.57697,288.32782,271.87726,272.59625,295.82706,276.9704
7287376,2.2052002,2.2262726,2.2153625,2.2072296,2.2390442,2.234497,2.2167664,2.2353668,281.03876,271.85248,292.38748,288.17282,271.7638,272.521,295.82428,277.00415
7287583,2.2051697,2.2262573,2.2153473,2.2071838,2.2390442,2.2344513,2.2167816,2.2353363,280.97787,271.94824,292.63675,288.40128,271.80597,272.46417,295.8224,276.84058
7287790,2.2051544,2.2262573,2.2154083,2.207138,2.2390442,2.234436,2.2167816,2.235138,281.0907,271.88828,292.50833,288.17105,271.79913,272.7329,295.75473,276.6296
7287998,2.2052307,2.2262268,2.2154083,2.2071228,2.23909,2.2344818,2.2168274,2.2350159,281.06476,271.96707,292.3737,288.3229,271.84686,272.66666,295.7229,277.129
7288411,2.205185,2.2261963,2.2153625,2.2070618,2.2390442,2.2344818,2.2168274,2.2350159,280.92227,271.8201,292.40707,288.52716,271.90955,272.50177,295.8471,276.6677
7288619,2.205185,2.2262268,2.2153168,2.2070923,2.2390137,2.2345123,2.2168121,2.2349243,281.04034,271.7145,292.4608,288.22385,271.87305,272.484,295.7454,276.9343
7288826,2.2052612,2.2261963,2.2153473,2.207077,2.2390137,2.2345123,2.2167969,2.2349243,280.99484,271.7789,292.4194,288.08508,272.0057,272.56265,295.76276,276.53378
7289033,2.205246,2.2262115,2.2153473,2.2071228,2.2389832,2.2344818,2.2168121,2.2350006,280.89148,271.91382,292.46527,288.24774,271.95645,272.38992,295.94815,276.67554
7289241,2.2051392,2.2261963,2.2153473,2.2070465,2.2389526,2.2344513,2.2168121,2.2348938,280.85956,271.86847,292.5226,288.37537,271.80627,272.38858,295.8008,276.78806
7289448,2.205124,2.2263184,2.2153168,2.2070618,2.238922,2.2344818,2.2167969,2.2350311,281.13998,271.90845,292.48248,288.20074,271.8813,272.5637,295.87344,276.7949
7289862,2.2051086,2.226303,2.2153778,2.2070007,2.2389374,2.2344818,2.2168274,2.2351227,281.17932,271.88608,292.46432,288.17953,271.67624,272.6619,295.89636,276.67786
7290069,2.2051086,2.226303,2.2153625,2.2070007,2.2389374,2.2344818,2.2168732,2.2351837,280.93472,271.87943,292.44797,288.18964,271.53287,272.32846,295.65063,276.88113
7290276,2.205124,2.2262268,2.215332,2.2070007,2.238922,2.2344818,2.2168732,2.2352753,281.03317,271.87778,292.40204,288.14282,271.71603,272.54358,295.78796,276.45325
7290483,2.205185,2.2262268,2.215332,2.2070312,2.238922,2.2345428,2.2168732,2.2354584,281.00427,271.89288,292.50336,288.27713,271.89835,272.62155,295.80054,276.9772
7290691,2.205124,2.226242,2.2153168,2.2071075,2.2388916,2.2345428,2.2168427,2.235611,280.91684,271.89435,292.44943,288.22992,271.7561,272.58768,295.83627,276.4751
7290898,2.205185,2.2261505,2.215332,2.2071075,2.2389069,2.2345123,2.2168427,2.2353363,281.02164,271.88245,292.55045,288.2339,271.83765,272.6224,295.91397,276.77335
7291105,2.2052002,2.2261963,2.2153625,2.207077,2.2389069,2.2344818,2.2168274,2.2354126,281.00006,271.82022,292.27988,288.1951,271.80542,272.52737,295.72424,276.97592
7291519,2.2052002,2.2261963,2.2154388,2.2070007,2.2389832,2.234497,2.2167816,2.2353668,281.0051,271.90112,292.4549,288.46695,271.8446,272.57132,295.88742,276.5637
7291726,2.2052307,2.2263336,2.2154388,2.2071075,2.238922,2.2345123,2.2168427,2.2353668,280.97946,271.82544,292.37164,288.25946,271.83447,272.44946,295.8147,277.09598
7291934,2.2052002,2.2263947,2.2153473,2.2071533,2.238922,2.2344666,2.2168732,2.235382,281.09592,271.79617,292.36343,288.1329,271.64035,272.60822,295.69638,276.7866
7292141,2.2052002,2.2263489,2.2153473,2.2071533,2.238922,2.2345428,2.216858,2.2352142,281.04053,271.88504,292.47,288.1729,271.90753,272.68497,295.99884,276.61386
7292348,2.2052307,2.226303,2.215393,2.2070618,2.238861,2.234604,2.216919,2.2350311,280.9641,271.9175,292.2765,288.1377,271.83456,272.4544,295.93933,276.99734
7292555,2.2052612,2.2263489,2.2154083,2.2069702,2.2388153,2.234558,2.21698,2.2351685,281.04156,271.79935,292.39154,288.29706,271.88226,272.5212,295.8408,276.45645
7292969,2.2052307,2.2264404,2.2155457,2.2070312,2.2388458,2.234604,2.2169647,2.2353058,281.01297,271.95944,292.4065,288.26154,271.64374,272.4986,295.91772,276.99698
7293174,2.2051697,2.22641,2.2155151,2.2069855,2.2388458,2.2345276,2.2169647,2.2353516,281.03857,271.88297,292.26944,288.1553,271.7056,272.5014,295.66718,276.75336
7293384,2.2051697,2.2264252,2.2154999,2.207016,2.2388458,2.2346497,2.2169495,2.2353058,281.0138,271.96576,292.20505,288.27893,271.67758,272.71036,295.86465,276.85468
7293591,2.205124,2.2263641,2.2154999,2.2070465,2.2388458,2.2346497,2.21698,2.2354279,281.11353,272.00836,292.3471,288.11957,271.79977,272.38852,295.8383,276.68234
7293798,2.2051544,2.2262268,2.2154694,2.2070312,2.2388306,2.2345886,2.2169342,2.2352142,281.04825,272.03668,292.23788,288.43845,271.6108,272.54343,295.59866,276.94934
7294005,2.205124,2.226181,2.2154694,2.2071075,2.2388306,2.2345734,2.2169647,2.2351532,280.938,272.02045,292.55096,288.26035,271.87158,272.50787,295.88046,276.75897
7294212,2.2050934,2.226181,2.2154694,2.207077,2.2388763,2.2345734,2.2169037,2.2351532,280.96042,271.92395,292.29572,288.3545,271.88705,272.1618,295.764,276.36835
7294626,2.2050781,2.226181,2.215454,2.2070923,2.2388153,2.234604,2.2169342,2.2351685,281.0463,271.9108,292.48978,288.11038,271.76056,272.56143,296.0796,276.82245
7294834,2.2050323,2.226242,2.215454,2.2070923,2.2388763,2.2346191,2.2169495,2.2352295,281.10526,271.67313,292.35715,288.20126,271.9973,272.38232,295.8095,276.78375
7295041,2.2050323,2.226242,2.215454,2.2071228,2.2388916,2.2346191,2.216919,2.2354584,281.0549,271.70428,292.519,288.29736,271.73288,272.38788,295.7885,276.60468
7295248,2.2050781,2.226242,2.2154388,2.2070618,2.238968,2.2345428,2.216919,2.2354584,281.03207,272.00198,292.357,288.09613,271.84683,272.47513,295.84875,277.07043
7295455,2.2051392,2.2262115,2.2154388,2.2071228,2.238968,2.234558,2.2169495,2.235443,281.09167,271.7165,292.5819,288.273,272.0161,272.51355,295.8757,276.77457
7295662,2.2051697,2.2262726,2.2154236,2.2070923,2.2390442,2.234604,2.2169495,2.2353058,280.78204,271.8317,292.42953,288.38657,271.77612,272.4758,296.01184,277.2749
7295869,2.205185,2.226303,2.215393,2.2070618,2.2390594,2.2346344,2.2169342,2.2353516,280.99664,271.78683,292.30746,288.16464,271.73737,272.51562,295.7072,276.70465
7296283,2.205124,2.2263641,2.2153778,2.2070465,2.2390137,2.234604,2.2168732,2.2354736,280.94012,271.82855,292.56177,288.2829,271.93875,272.5391,295.77887,277.09592
7296491,2.205124,2.2263336,2.215393,2.2070465,2.238968,2.2345734,2.216919,2.2353363,280.92282,271.8007,292.29495,288.09732,271.61267,272.43274,295.96548,276.6714
7296698,2.2051697,2.2262878,2.2153473,2.2071075,2.2389832,2.2345734,2.21698,2.2351685,280.94406,271.7405,292.40897,288.26175,271.671,272.6088,295.55084,276.54816
7296905,2.205124,2.226303,2.215332,2.207138,2.2388763,2.2345734,2.2169952,2.235077,280.88986,271.70117,292.28183,288.28848,271.82794,272.33807,295.9581,276.8918
7297112,2.205124,2.2263336,2.2153168,2.2071533,2.2388763,2.234558,2.2169495,2.2349396,280.94232,271.76306,292.4814,288.30823,271.88794,272.4129,295.95758,276.93637
7297319,2.2051697,2.2263489,2.2152557,2.2071686,2.2388916,2.2345276,2.21698,2.2351837,281.0189,271.84372,292.30508,288.13577,271.71973,272.6599,295.75824,276.92514
7297734,2.205124,2.2263336,2.2152863,2.2070923,2.2388458,2.234497,2.216919,2.2351837,280.91925,271.79648,292.25015,288.4293,271.67947,272.61835,295.8201,276.96616
7297941,2.205124,2.2262573,2.2153168,2.2070465,2.2388458,2.2345123,2.2168427,2.2351837,280.9022,271.796,292.22723,288.3958,271.78876,272.72665,295.81714,277.05588
7298148,2.205124,2.2262878,2.2153473,2.207077,2.2388458,2.2345276,2.2167816,2.2350311,281.00333,271.94244,292.19318,288.14957,271.863,272.21002,295.98093,276.7582
7298355,2.2051392,2.22641,2.2153015,2.207199,2.2388458,2.2345123,2.2168427,2.2350464,281.03003,271.61072,292.18796,288.3023,271.78964,272.4897,295.74237,276.54074
7298562,2.2051697,2.226471,2.2153168,2.2071838,2.238861,2.2344208,2.2168427,2.2349396,281.03424,271.70312,292.3418,288.24057,271.83276,272.50507,295.73996,276.91898
7298769,2.2051392,2.2263184,2.2153015,2.2071533,2.2388763,2.2344513,2.216858,2.2350464,280.9372,271.81607,292.25745,288.21808,271.8194,272.53568,295.83182,276.85635
7298977,2.2051544,2.2263184,2.2153015,2.2070923,2.2388916,2.234497,2.2167969,2.2351227,281.0626,271.89896,292.23276,288.4687,271.83032,272.50204,295.8735,276.73547
7299391,2.2052307,2.2263641,2.2153168,2.207077,2.2388458,2.2345276,2.2168121,2.2353516,280.89792,271.87845,292.42877,287.9827,271.93808,272.5872,295.8463,276.6733
7299598,2.2052002,2.2263184,2.2152863,2.207077,2.2387695,2.2345428,2.2168732,2.235443,280.9906,271.75552,292.32104,288.3118,271.79102,272.62747,295.82593,276.84885
7299805,2.2051697,2.2263641,2.2153625,2.2071228,2.2388,2.2345428,2.2168427,2.2355042,281.19562,271.8585,292.47574,288.35898,271.90778,272.69498,295.84198,276.52737
7300012,2.2050934,2.2263184,2.2153473,2.2071533,2.2388,2.2345428,2.2168732,2.2355042,280.86346,271.75653,292.42743,288.3305,271.8615,272.3724,295.7793,276.85056
7300220,2.2051697,2.2263184,2.2153473,2.2071838,2.2388458,2.234604,2.2168732,2.235382,280.9439,271.88934,292.41382,288.28036,271.88885,272.54544,295.94333,276.90735
7300427,2.2051086,2.2263184,2.2153778,2.2071228,2.2388306,2.234558,2.2168732,2.2353973,281.0806,271.8679,292.46188,288.5009,271.93805,272.52655,295.65146,276.56845
7300634,2.2052155,2.226303,2.2153473,2.2071228,2.2389069,2.2344666,2.2169495,2.2354584,281.1405,271.9151,292.30844,288.3956,271.79147,272.56213,295.8335,276.85617
7301048,2.205185,2.226303,2.215332,2.2071686,2.2389069,2.2344666,2.2169495,2.2355347,280.95132,271.79758,292.55838,288.17508,271.86575,272.5211,295.9279,276.84344
7301255,2.205246,2.226242,2.215332,2.2071838,2.238861,2.2344513,2.21698,2.2355347,281.08505,271.84918,292.2669,288.3918,271.84015,272.6801,295.83258,276.8062
7301462,2.2053223,2.2263184,2.2153473,2.2072144,2.2389069,2.2344208,2.2170105,2.2352905,281.02036,271.90286,292.32202,288.17862,271.68097,272.43927,295.87952,276.85806
7301669,2.2052612,2.2262878,2.2153473,2.2072144,2.2389832,2.2344055,2.2170105,2.23526,281.0302,272.0092,292.5682,288.18008,271.6709,272.69418,295.71515,276.78635
7301877,2.2052612,2.2263489,2.2153473,2.207199,2.2389984,2.2345276,2.21698,2.2353058,280.8438,271.73288,292.58386,288.374,271.8745,272.53485,295.87778,276.47635
7302084,2.2051392,2.2264862,2.2153473,2.2071838,2.2389984,2.2345428,2.2169647,2.23555,281.06772,271.85788,292.36978,288.3726,271.7487,272.59973,295.77786,276.92673
7302498,2.2051086,2.2264557,2.2154236,2.2072144,2.238968,2.234497,2.2170258,2.2356415,281.1311,271.75482,292.5403,288.28824,271.7317,272.50208,295.85263,276.93137
7302705,2.2052002,2.22641,2.2154083,2.2072449,2.2389832,2.234497,2.2170105,2.2357635,281.00974,271.8866,292.40808,288.18854,271.79993,272.42972,295.71582,276.48587
7302912,2.2052002,2.22641,2.2153625,2.2072754,2.238968,2.2345276,2.217041,2.2355194,280.97806,271.81165,292.47192,288.16782,271.8794,272.47388,295.92194,276.5755
